{
  "circor": {
    "num_patients": 942,
    "num_recordings": 3141,
    "locations": {
      "AV": 793,
      "MV": 855,
      "PV": 764,
      "TV": 726,
      "Phc": 3
    },
    "murmur_distribution": {
      "Absent": 695,
      "Present": 179,
      "Unknown": 68
    },
    "outcome_distribution": {
      "Abnormal": 456,
      "Normal": 486
    },
    "campaign_distribution": {
      "CC2015": 557,
      "CC2014": 385
    }
  },
  "yaseen": {
    "num_recordings": 1000,
    "class_distribution": {
      "Normal": 200,
      "AS": 200,
      "MS": 200,
      "MR": 200,
      "MVP": 200
    },
    "sample_rates": {
      "8000": 1000
    },
    "durations": [
      2.104625,
      2.1195,
      2.116625,
      2.087,
      2.120375,
      2.090625,
      2.101875,
      2.10925,
      2.1005,
      2.093,
      2.1105,
      2.095625,
      2.11525,
      2.093,
      2.093,
      2.08575,
      2.063625,
      2.100625,
      2.09175,
      2.077,
      2.1105,
      2.087875,
      2.116625,
      2.10925,
      2.103,
      2.1105,
      2.116625,
      2.087,
      2.103,
      2.1105,
      2.09825,
      2.083625,
      2.1105,
      2.1405,
      2.09175,
      2.084375,
      3.00725,
      2.975375,
      2.958625,
      2.846,
      2.59225,
      2.574,
      2.65575,
      2.5635,
      2.672875,
      2.691625,
      2.605625,
      2.642625,
      2.6025,
      2.575125,
      2.68825,
      2.58525,
      2.618875,
      2.62825,
      2.593375,
      2.58425,
      2.67975,
      2.5685,
      2.678875,
      2.6695,
      2.596375,
      2.642625,
      2.601625,
      2.583125,
      2.689,
      2.5685,
      2.601375,
      2.46625,
      2.540375,
      2.5585,
      2.583375,
      2.53825,
      2.571125,
      2.544125,
      2.565375,
      2.52925,
      2.553125,
      2.526125,
      2.562,
      2.535125,
      2.581,
      2.571875,
      2.5835,
      2.466,
      2.5655,
      2.5655,
      2.553,
      2.526125,
      2.57775,
      2.56875,
      2.568625,
      2.5505,
      2.5745,
      2.547375,
      2.553,
      2.526125,
      2.558125,
      2.5295,
      2.607875,
      2.62675,
      2.6275,
      2.58175,
      2.688375,
      2.604,
      2.630125,
      2.630125,
      2.594625,
      2.522625,
      2.667875,
      2.583625,
      2.662625,
      2.562,
      2.624375,
      2.596625,
      2.57825,
      2.59675,
      2.658,
      2.54675,
      2.607875,
      2.645,
      2.588125,
      2.543,
      2.682375,
      2.570625,
      2.501375,
      2.41475,
      2.35525,
      2.42725,
      2.3515,
      2.401625,
      2.36725,
      2.406375,
      2.372375,
      2.418875,
      2.351625,
      2.41875,
      2.410125,
      2.40575,
      2.322125,
      2.41,
      2.393125,
      2.397875,
      2.389375,
      2.40325,
      2.32,
      2.396375,
      2.388,
      2.40575,
      2.36375,
      2.39525,
      2.37825,
      2.39525,
      2.361125,
      2.42075,
      2.37825,
      2.412875,
      2.13425,
      2.1015,
      2.08675,
      2.116375,
      2.08675,
      2.110375,
      2.140375,
      2.116375,
      2.08675,
      2.114125,
      2.05575,
      2.117875,
      2.103,
      2.109,
      2.079375,
      2.125375,
      2.125375,
      2.076125,
      2.128125,
      2.106,
      2.106125,
      2.12825,
      2.083625,
      2.11625,
      2.108875,
      2.1135,
      2.120875,
      2.1135,
      2.054125,
      2.08675,
      2.094,
      2.120875,
      2.068625,
      2.10575,
      2.106,
      2.11425,
      2.03375,
      2.391,
      2.46,
      2.42975,
      2.368875,
      2.421125,
      2.42975,
      2.40525,
      2.606125,
      2.60675,
      2.610375,
      2.608875,
      2.62375,
      2.60175,
      2.608625,
      2.600125,
      2.61225,
      2.612375,
      2.59225,
      2.60575,
      2.630875,
      2.60675,
      2.61725,
      2.42475,
      2.585875,
      2.603375,
      2.616625,
      2.598,
      2.638125,
      2.604625,
      2.624625,
      2.82025,
      2.613875,
      2.599625,
      2.608625,
      2.628375,
      2.584125,
      2.60425,
      2.631125,
      2.609125,
      2.618125,
      2.6235,
      2.607875,
      2.612125,
      2.619125,
      2.60125,
      2.632375,
      2.633875,
      2.589375,
      2.609375,
      2.60125,
      2.6105,
      2.638,
      2.627,
      2.58625,
      3.427125,
      2.9275,
      2.917625,
      2.918375,
      2.917875,
      2.939375,
      2.914375,
      2.94775,
      2.91025,
      2.923875,
      2.89175,
      2.927625,
      2.924,
      2.96025,
      2.9135,
      2.918375,
      2.916,
      2.961,
      2.91075,
      2.940875,
      2.902875,
      2.961125,
      2.90675,
      2.94775,
      2.916875,
      2.9415,
      2.912125,
      2.941625,
      2.92125,
      2.613625,
      2.605125,
      2.613,
      2.6305,
      2.589375,
      2.615375,
      2.63825,
      2.612,
      2.618375,
      2.6085,
      2.603625,
      2.61,
      2.6335,
      2.604125,
      2.614875,
      2.635,
      2.579625,
      2.604375,
      2.63025,
      2.604875,
      2.621625,
      2.626625,
      2.600125,
      3.117875,
      2.59075,
      2.601875,
      2.61425,
      2.631125,
      2.604375,
      2.59725,
      2.62825,
      2.608375,
      2.629625,
      2.62625,
      2.4105,
      2.4205,
      2.410125,
      2.416375,
      2.639875,
      2.6155,
      2.608,
      2.614875,
      2.62375,
      2.629625,
      2.63,
      2.5995,
      2.6185,
      2.610875,
      2.6265,
      2.6355,
      2.5855,
      3.55025,
      2.3725,
      2.391375,
      2.795,
      2.776,
      2.92475,
      2.54425,
      3.1055,
      2.364375,
      2.36225,
      2.365375,
      2.361875,
      3.286,
      3.29475,
      3.322,
      2.656875,
      2.99825,
      2.977375,
      3.0115,
      2.996375,
      2.889375,
      2.9935,
      3.017,
      2.993875,
      3.29875,
      3.295875,
      3.322125,
      2.92075,
      2.366625,
      2.354875,
      2.37025,
      2.365875,
      2.37175,
      2.369125,
      2.37975,
      2.36775,
      3.015625,
      3.0115,
      2.98675,
      3.015375,
      3.03475,
      2.950375,
      3.00575,
      3.0165,
      2.96625,
      3.0165,
      3.152875,
      2.818,
      3.008375,
      3.015875,
      3.01,
      2.969875,
      2.519375,
      2.517875,
      2.52325,
      2.517875,
      2.371625,
      2.363625,
      2.383125,
      2.37125,
      2.401375,
      2.349875,
      2.970375,
      2.9675,
      3.471,
      3.525625,
      3.25475,
      3.250125,
      3.060875,
      3.088125,
      3.079125,
      3.03775,
      3.041125,
      2.95325,
      2.88125,
      2.947,
      2.844625,
      1.204375,
      1.155625,
      1.27275,
      1.20625,
      1.316125,
      1.289,
      1.465125,
      1.34325,
      1.197125,
      1.214125,
      2.901375,
      3.201375,
      2.273125,
      2.254125,
      2.28425,
      2.2715,
      2.07875,
      2.0185,
      2.0775,
      2.042875,
      2.035625,
      2.032875,
      2.0905,
      2.0905,
      2.06,
      1.99725,
      2.094875,
      2.048625,
      2.068375,
      2.017125,
      2.0905,
      2.073125,
      2.06875,
      2.04575,
      2.08275,
      1.974375,
      2.05725,
      2.042875,
      2.074625,
      2.011125,
      2.075875,
      2.044375,
      2.064375,
      2.035375,
      2.2725,
      2.256625,
      2.275,
      2.265125,
      2.4015,
      2.425375,
      2.400625,
      2.404,
      2.391875,
      2.354875,
      2.08775,
      2.078875,
      2.08225,
      2.059125,
      2.07075,
      2.050375,
      2.059125,
      2.073625,
      2.09075,
      2.01325,
      2.05425,
      2.051375,
      2.07975,
      2.076875,
      2.054375,
      2.048625,
      2.0785,
      2.064125,
      2.06125,
      2.04975,
      2.113875,
      2.08175,
      2.055875,
      2.05025,
      2.083625,
      2.077875,
